{
  "vehicles": [
    {
      "id": 1,
      "profile": "driving-car",
      "start": [
        11.10274,46.21997
      ],
      "end": [
        11.10274,46.21997
      ],
      "capacity": [
        1
      ],
      "time_window": [
        1600416000,
        1600430400
      ]
    },
    {
      "id": 2,
      "profile": "driving-car",
      "start": [
        11.10374,46.21897
      ],
      "end": [
        11.10374,46.21897
      ],
      "capacity": [
        1
      ],
      "time_window": [
        1600416000,
        1600430400
      ]
    }
  ],
  "jobs": [
    
  ],
  "shipments": [
    {
      "amount": [
        1
      ],
      "pickup": {
        "id": 3,
        "location": [
          11.122541427612305,
          46.20986352455638
        ]
      },
      "delivery": {
        "id": 3,
        "location": [
          11.114301681518555,
          46.20900226913922
        ]
      }
    }
  ]
}
