{
  "vehicles": [
    {
      "id": 1,
      "start": [
        46.21997,11.10274
      ],
      "end": [
        46.21997,11.10274
      ],
      "capacity": [
        4
      ],
      "skills": [
        1,
        14
      ],
      "time_window": [
        1600416000,
        1600430400
      ]
    },
    {
      "id": 2,
      "start": [
        46.21897,11.10374
      ],
      "end": [
        46.21897,11.10374
      ],
      "capacity": [
        4
      ],
      "skills": [
        2,
        14
      ],
      "time_window": [
        1600416000,
        1600430400
      ],
      "breaks": [
        {
          "id": 2,
          "service": 300,
          "time_windows": [
            [
              1600423200,
              1600425000
            ]
          ]
        }
      ]
    }
  ],
  "jobs": [
    {
      "id": 1,
      "service": 300,
      "delivery": [
        1
      ],
      "location": [
        46.21858452155989,
        11.114227983093262
      ],
      "skills": [
        1
      ],
      "time_windows": [
        [
          1600419600,
          1600423200
        ]
      ]
    },
    {
      "id": 2,
      "service": 300,
      "pickup": [
        1
      ],
      "location": [
        46.214911991592125,
        11.118206977844238
      ],
      "skills": [
        1
      ]
    }
  ],
  "shipments": [
    {
      "amount": [
        1
      ],
      "skills": [
        2 
      ],
      "pickup": {
        "id": 4,
        "location": [
          46.21419929496722,
          11.123356819152832
        ]
      },
      "delivery": {
        "id": 3,
        "location": [
          46.211972058400264,
          11.127262115478516
        ]
      }
    }
  ]
}
