{
  "vehicles": [
    {
      "id": 1,
      "start": [
        11.10274,46.21997
      ],
      "end": [
        11.10274,46.21997
      ],
      "capacity": [
        4
      ],
      "skills": [
        1,
        14
      ],
      "time_window": [
        1600416000,
        1600430400
      ]
    },
    {
      "id": 2,
      "start": [
        11.10374,46.21897
      ],
      "end": [
        11.10374,46.21897
      ],
      "capacity": [
        4
      ],
      "skills": [
        2,
        14
      ],
      "time_window": [
        1600416000,
        1600430400
      ],
      "breaks": [
        {
          "id": 2,
          "service": 300,
          "time_windows": [
            [
              1600423200,
              1600425000
            ]
          ]
        }
      ]
    }
  ],
  "jobs": [
    
  ],
  "shipments": [
    {
      "amount": [
        1
      ],
      "skills": [
        2
      ],
      "pickup": {
        "id": 3,
        "location": [
          11.122541427612305,
          46.20986352455638
        ]
      },
      "delivery": {
        "id": 3,
        "location": [
          11.114301681518555,
          46.20900226913922
        ]
      }
    }
  ]
}
