{
  "vehicles": [
    {
      "profile": "driving-hgv",
      "start": [
        11.092135906219482,
	    46.216560067112056
      ], 
      "end": [
        11.092135906219482,
	    46.216560067112056
      ], 
      "id": 0
    }
  ], 
  "jobs": [
    {
      "id": 1, 
      "location": [
        11.095612049102785,
	    46.21736181569706
      ]
    }, 
    {
      "id": 2, 
      "location": [
        11.092135906219482,
	    46.216560067112056
      ]
    }
  ]
}
