{
  "vehicles": [
    {
      "profile": "driving-car",
      "start": [
        11.15489, 
        46.04083
      ], 
      "end": [
        11.15489, 
        46.04083
      ], 
      "id": 0
    }
  ], 
  "jobs": [
    {
      "id": 1, 
      "location": [
        11.15681, 
        46.02964
      ]
    }, 
    {
      "id": 2, 
      "location": [
        11.15831, 
        46.02959
      ]
    }
  ]
}