{
  "vehicles": [
    {
      "capacity": [5],
      "start": [
        11.13358, 
        46.04372
      ], 
      "end": [
        11.13358, 
        46.04372
      ], 
      "id": 0
    }
  ], 
  "jobs": [
    {
      "id": 1,
      "amount": [0],
      "location": [
        11.1403, 
        46.0541
      ]
    }, 
    {
      "id": 2, 
      "amount": [0],
      "location": [
        11.13785, 
        46.04673
      ]
    }, 
    {
      "id": 3, 
      "amount": [1],
      "location": [
        11.13875, 
        46.04115
      ]
    }, 
    {
      "id": 4, 
      "amount": [1],
      "location": [
        11.13704, 
        46.05472
      ]
    }
  ]
}
